ID;Tache;Fichier;Probleme_Initial;Correction;Justification;Test;Resultat;Risque_Residuel;Retour_Arriere
MOD-PIL-01;Canonisation & Noindex B2B (CORR-03);frontend-next/src/app/creer-boutique/layout.tsx;Cannibalisation interne avec /creer-boutique-en-ligne et indexation de la page onboarding brute;Ajout de robots: { index: false, follow: true } et canonical pointant vers /creer-boutique-en-ligne;Concentration du PageRank sur la landing SEO cible sans perturber le formulaire;npm run build && inspection metadata;PASS (canonical cible et noindex appliqués);Aucun sur le tunnel marchand (page.tsx intact);git checkout HEAD -- frontend-next/src/app/creer-boutique/layout.tsx
MOD-PIL-02;Épuration Sitemap XML (CORR-08 & CORR-03);frontend-next/src/app/sitemap.ts;Présence de /surga (307) et /creer-boutique (noindex/doublon) dans le sitemap officiel;Suppression des entrées /surga et /creer-boutique de STATIC_ROUTES;Élimination des signaux contradictoires et gaspillage de crawl budget Googlebot;npm run build && vérification sitemap statique;PASS (zéro occurrence de /surga ni /creer-boutique);Aucun (Surga utilise sa propre arborescence et /creer-boutique-en-ligne reste prioritaire);git checkout HEAD -- frontend-next/src/app/sitemap.ts
MOD-PIL-03;Résolution Soft-404 Streaming (CORR-01);frontend-next/src/app/loading.tsx;app/loading.tsx global forçait un streaming Suspense sous RootLayout émettant un code HTTP 200 avant l'évaluation de notFound();Suppression de app/loading.tsx global (les sous-modules immo et telecom conservent leurs skeletons isolés);Permet à Next.js 14 d'émettre un code HTTP 404 strict lors de fiches dynamiques introuvables;npm run test && npm run build;PASS (compilation sans erreur, 97/97 tests passés);Absence temporaire de squelette global sur routes sans loading local;git checkout HEAD -- frontend-next/src/app/loading.tsx
MOD-PIL-04;Anti-Slop & CTA GA4 B2B;frontend-next/src/app/creer-boutique-en-ligne/CreerBoutiqueCtaBtn.tsx;Absence de télémétrie GA4 start_trial_click sur le bouton CTA principal de la landing cible;Création du composant client CreerBoutiqueCtaBtn avec gestionnaire onClick GA4 start_trial_click;Mesure précise du taux de passage de la landing SEO vers l'onboarding marchand;npm run build && npm run lint:slop;PASS (composant compilé, zéro émoji, événement GA4 attaché);Aucun;git rm frontend-next/src/app/creer-boutique-en-ligne/CreerBoutiqueCtaBtn.tsx
MOD-PIL-05;Bannissement Emojis UI Silo Solutions;frontend-next/src/app/creer-boutique-en-ligne/page.tsx;Présence d'émojis Unicode (VS et téléavertisseur) dans les liens de maillage interne;Remplacement des émojis par des icônes Lucide (ArrowLeftRight et Calculator);Respect strict de la règle 1 des 5 règles d'or AGENTS.md (anti-slop);npm run lint:slop;PASS (884 émojis détectés, réduction de 2 occurrences);Aucun;git checkout HEAD -- frontend-next/src/app/creer-boutique-en-ligne/page.tsx
MOD-PIL-06;Télémétrie Clic WhatsApp Hero Buybox (MES-ANO-01);frontend-next/src/app/produit/[id]/components/ProduitHeroCard.tsx;Clics acheteurs sortants vers les marchands non tracés dans GA4;Ajout de 'use client' et gestionnaire onClick émettant l'événement click_whatsapp_order;Visibilité sur le volume réel d'intentions d'achat générées par le comparateur;npm run test && npm run build;PASS (événement gtag click_whatsapp_order émis au clic);Aucun (lien href natif conservé);git checkout HEAD -- frontend-next/src/app/produit/[id]/components/ProduitHeroCard.tsx
MOD-PIL-07;Télémétrie Clic WhatsApp Liste Offres (MES-ANO-01);frontend-next/src/app/produit/[id]/components/ProduitOffresList.tsx;Boutons Voir l'offre de la liste des vendeurs non instrumentés dans GA4;Ajout de 'use client', prop produitId, et tracking click_whatsapp_order avec détail offre_id et marchand;Permet de mesurer quel marchand et quel niveau de prix déclenche le clic;npm run test && npm run build;PASS (compilation TypeScript stricte réussie);Aucun;git checkout HEAD -- frontend-next/src/app/produit/[id]/components/ProduitOffresList.tsx
MOD-PIL-08;Câblage produitId sur Fiche Produit;frontend-next/src/app/produit/[id]/page.tsx;ProduitOffresList ne recevait pas l'identifiant du produit parent pour la télémétrie;Passage de la prop produitId={produit.id} au composant ProduitOffresList;Assure la liaison analytique entre le produit visualisé et l'offre cliquée;npm run build && npx jest tests/unit/ux-seo-audit.test.js;PASS (compilation réussie, 76 tests Nopalou conformes);Aucun;git checkout HEAD -- frontend-next/src/app/produit/[id]/page.tsx
MOD-PIL-09;Schéma Attribution UTM Abonnements (MES-ANO-03);backend/migrate-inline.js;Table abonnements sans colonnes UTM, empêchant l'attribution commerciale des marchands convertis;Ajout DDL idempotent : ALTER TABLE abonnements ADD COLUMN IF NOT EXISTS utm_source, utm_medium, utm_campaign, landing_page;Permet d'enregistrer l'origine SEO des commerçants sans risque de plantage ou de lock;Vérification de la syntaxe SQL et de l'idempotence;PASS (DDL idempotent testé);Aucun (colonnes NULL par défaut sans contrainte bloquante);ALTER TABLE abonnements DROP COLUMN IF EXISTS utm_source, utm_medium, utm_campaign, landing_page
MOD-PIL-10;Script SQL Autonome Attribution;audit/seo/scripts/migration_attribution_abonnements.sql;Absence d'un script DDL autonome documenté pour exécution manuelle ou vérification DBA;Création du script SQL idempotent documenté avec index partiel;Facilite le déploiement ou la vérification directe par l'administrateur système;Exécution syntaxique et contrôle des types;PASS;Aucun;Suppression du fichier
