id_source,nom_source,categorie,methode_collecte,etat_avant_audit,etat_apres_audit,volume_brut_avant,volume_brut_apres,volume_utile_avant,volume_utile_apres,taux_fraicheur_avant,taux_fraicheur_apres,statut_operationnel,definition_mesure,methode_calcul
soumari,Soumari,Generaliste / High-Tech,api_json_store,instable_cheerio,operationnel_v2,6000,5956,4200,5956,15%,98%,actif,"Offres commerciales valides et en stock","COUNT(*) FROM offres WHERE marchand_id = 'soumari' AND statut = 'actif'"
touba_express,Touba Express,Electromenager,api_json_store,instable_cheerio,operationnel_v2,3000,2961,2100,2961,12%,97%,actif,"Offres commerciales valides et en stock","COUNT(*) FROM offres WHERE marchand_id = 'touba_express' AND statut = 'actif'"
decathlon,Decathlon Senegal,Sport & Loisirs,html_cheerio_v2,degrade_titres_vides,operationnel_v2,330,330,22,330,5%,100%,actif,"Offres avec titre complet marque+nom et prix valide","COUNT(*) FROM offres WHERE marchand_id = 'decathlon' AND statut = 'actif'"
sanex,Sanex Express,Mode & Beaute,api_json_store,instable_cheerio,operationnel_v2,2900,2833,1800,2833,10%,96%,actif,"Offres commerciales valides et en stock","COUNT(*) FROM offres WHERE marchand_id = 'sanex' AND statut = 'actif'"
dakar_clic,Dakar Clic,High-Tech / Informatique,api_json_store,non_synchronise,operationnel_v2,2300,2268,1400,2268,8%,95%,actif,"Offres commerciales valides et en stock","COUNT(*) FROM offres WHERE marchand_id = 'dakar_clic' AND statut = 'actif'"
disso,Disso,Maison & Cuisine,api_json_store,non_synchronise,operationnel_v2,1700,1658,950,1658,5%,95%,actif,"Offres commerciales valides et en stock","COUNT(*) FROM offres WHERE marchand_id = 'disso' AND statut = 'actif'"
jumia_sn,Jumia Senegal,Generaliste,html_cheerio,bloque_cloudflare,bloque_cloudflare,0,0,0,0,0%,0%,inactif,"Offres avec prix et disponibilite","Requetes HTTP 403 Cloudflare Turnstile WAF"
keur_immo,Keur-Immo,Immobilier Dakar/Saly,html_cheerio_v2,inexistant,operationnel_v2,0,60,0,40,0%,100%,actif,"Annonces avec telephone WhatsApp +221 et prix > 10000 F","COUNT(*) FROM annonces_immo WHERE source = 'keur_immo' AND actif = true"
coinafrique,CoinAfrique,Immobilier Senegal,html_cheerio_v1,dette_donnees_orphelines,en_quarantaine,10873,10873,0,0,0%,0%,degrade,"Annonces sans contact telephonique ni prix valide","COUNT(*) FROM annonces_immo WHERE source = 'coinafrique' AND contact_tel IS NULL"
TOTAL_CATALOGUE,Tous Marchands Confondus,Multi-Categories,hybride_v2,collecte_aveugle,collecte_supervisee,31993,31993,12472,18046,14%,97%,actif,"Volume d offres uniques reconciliees sans doublons","SUM(volume_utile_apres) sur les marchands e-commerce actifs"
