source_id;nom;domaine;type;categories;zone;statut_config;statut_collecte;derniere_collecte;pages_tentees;pages_recuperees;offres_extraites;offres_valides;offres_nouvelles;doublons;erreurs;cout_estime;preuve;decision
coinafrique_prod;CoinAfrique Produits;sn.coinafrique.com;marketplace;telephones,electronique,ordinateurs,electromenager,mode;Senegal;actif;actif;2026-09-24 19:03;24;24;3306;3148;1229;158;0;0 EUR (auto-heberge);base nopalou_audit_data (3306 offres, 1229 < 24h);Maintenir et etendre pagination
expat_prod;Expat-Dakar Produits;expat-dakar.com;marketplace;telephones,tv,ordinateurs,electromenager,mode;Senegal;actif;silencieux;2026-09-21 00:04;20;20;1586;1516;0;70;0;0 EUR (auto-heberge);base nopalou_audit_data (derniere offre 21/09 malgre sync 24/09);Reactiver avec alertes HTTP
promosn;Promo.sn;promo.sn;e-commerce;electromenager,tv,cuisine,maison;Dakar;actif;actif;2026-09-21 20:30;8;8;1044;999;0;45;0;0 EUR (Store API);base nopalou_audit_data (1044 offres, X-WP-Total=4565);Augmenter pagination Woo (800 -> 4000)
jumia_sn;Jumia Senegal;jumia.sn;e-commerce;telephone,electronique,informatique,electromenager,mode,epicerie;Senegal;actif;silencieux;2026-09-21 00:21;36;36;939;857;0;82;0;0 EUR (auto-heberge);base nopalou_audit_data (0 offre < 24h, sonde 403 Cloudflare);Migrer vers rendu navigateur ou flux
soumari;Soumari;soumari.com;e-commerce;informatique,bureautique,electromenager;Dakar;actif;actif;2026-09-21 20:16;8;8;927;875;0;52;0;0 EUR (Store API);base nopalou_audit_data (927 offres, X-WP-Total=8161);Augmenter pagination Woo (800 -> 8000)
universcosmetix;Univers Cosmetix;universcosmetix.com;e-commerce;beaute,cosmetiques,parfumerie;Dakar;actif;actif;2026-09-19 19:26;8;8;875;851;0;24;0;0 EUR (Store API);base nopalou_audit_data (875 offres, X-WP-Total=4165);Augmenter pagination Woo (800 -> 4000)
electroniccorp;Electronic Corp SN;electroniccorp.sn;e-commerce;tv,smartphones,climatisation,electromenager;Dakar;actif;actif;2026-09-24 18:12;8;8;769;707;679;62;0;0 EUR (Store API);base nopalou_audit_data (769 offres, X-WP-Total=730);Maintenir (catalogue quasi exhaustif)
masterofficedeco;Master Office Deco;masterofficedeco.sn;e-commerce;mobilier,bureau,decoration,fournitures;Dakar;actif;actif;2026-09-24 18:32;8;8;766;713;687;53;0;0 EUR (Store API);base nopalou_audit_data (766 offres, X-WP-Total=3176);Augmenter pagination Woo (800 -> 3000)
electroluxdakar;Electrolux Dakar;electroluxdakar.com;e-commerce;gros electromenager,cuisine,lavage;Dakar;actif;actif;2026-09-21 20:02;8;8;762;725;0;37;0;0 EUR (Store API);base nopalou_audit_data (762 offres, X-WP-Total=812);Maintenir (couverture 94 pour cent)
kanje;Kanje;kanje.sn;e-commerce;high-tech,gaming,informatique;Dakar;actif;en panne;2026-08-05 18:01;3;0;320;269;0;51;3;0 EUR (Store API 404);base nopalou_audit_data (offres obsoletes > 45j, sonde Store API 404);Reecrire extracteur HTML adaptatif
jiji_sn;Jiji Senegal;jiji.sn;marketplace;telephones,informatique,tv,electromenager;Senegal;actif;silencieux;2026-09-19 00:57;16;16;304;259;0;45;0;0 EUR (auto-heberge);base nopalou_audit_data (0 offre < 24h, 36.8 pour cent > 45j);Analyser protection et pagination
dakarmondialtel;Dakar Mondial Telephone;dakarmondialtelephone.com;e-commerce;smartphones,accessoires,tablettes;Dakar;actif;actif;2026-09-24 18:17;3;3;222;205;219;17;0;0 EUR (Store API);base nopalou_audit_data (222 offres, X-WP-Total=257);Maintenir (couverture 86 pour cent)
kaynoo;Kaynoo;kaynoo.sn;e-commerce;high-tech,electromenager,beaute,mode;Dakar;actif;actif;2026-09-24 12:42;16;16;175;163;128;12;0;0 EUR (auto-heberge);base nopalou_audit_data (175 offres, double scraping);Supprimer doublon config, etendre HTML
electromenagerdakar;Electromenager Dakar;electromenager-dakar.com;e-commerce;electromenager,climatiseurs,tv;Dakar;actif;partiel;2026-09-19 19:12;8;8;172;165;0;7;0;0 EUR (Store API 401);base nopalou_audit_data (172 offres, API Store fermee 401);Optimiser repli HTML adaptatif
auchan_sn;Auchan Senegal;auchan.sn;grande distribution;epicerie,entretien,hygiene,cremerie;Dakar;actif;actif;2026-09-24 12:38;24;24;127;120;88;7;0;0 EUR (auto-heberge);base nopalou_audit_data (127 offres pour 6 categories);Augmenter pagination (4 -> 20 pages)
afriqmarket;AfriQ Market;shop.afriqmarket.com;e-commerce;supermarche,alimentaire,maison;Dakar;actif;partiel;2026-09-21 19:52;8;8;53;52;0;1;0;0 EUR (Store API 401);base nopalou_audit_data (53 offres, API Store 401);Optimiser repli HTML
decathlon_sn;Decathlon Senegal;decathlon.sn;sport;fitness,running,sports collectifs,randonnee;Dakar;actif;defaillant;2026-09-24 12:43;1;1;1;1;1;0;0;0 EUR (PrestaShop);base nopalou_audit_data (1 seule offre a T0, division par 100);Reecrire connecteur PrestaShop
nova_sn;Nova Senegal;nova.sn;e-commerce;electromenager,tv,high-tech;Dakar;actif;echec permanent;Jamais;8;0;0;0;0;0;8;0 EUR;base nopalou_audit_data (0 offre, aucun marchand cree);Diagnostiquer structure et reactiver
dakarmarket;Dakar Market;dakarmarket.sn;e-commerce;multispecialiste,mode,beaute,high-tech;Dakar;actif;inaccessible;Jamais;8;0;0;0;0;0;8;0 EUR;sonde reseau connection refused a la mesure;Verifier disponibilite domaine ou archiver
dakar_deal;Dakar-Deal;dakar-deal.com;marketplace;generaliste;Dakar;graine;inactif;Jamais;0;0;0;0;0;0;0;0 EUR;base nopalou_audit_data (marchand cree sans collecteur);Archiver ou developper collecteur dedie
senmarket;SenMarket;senmarket.sn;marketplace;generaliste;Dakar;graine;inactif;Jamais;0;0;0;0;0;0;0;0 EUR;base nopalou_audit_data (marchand cree sans collecteur);Archiver ou developper collecteur dedie
coinafrique_immo;CoinAfrique Immo;sn.coinafrique.com;petites annonces immo;appartements,villas,terrains,bureaux;Senegal;actif;defaillant;2026-06-09 21:20;30;30;2522;3;0;156;0;0 EUR (auto-heberge);base nopalou_audit_data (2522 annonces, 3 avec tel direct);Corriger AUD-175 et extraire contact detail
expat_immo;Expat-Dakar Immo;expat-dakar.com;petites annonces immo;appartements,villas,terrains,commerces;Senegal;actif;partiel;2026-06-09 21:16;40;40;436;22;0;1;0;0 EUR (auto-heberge);base nopalou_audit_data (436 annonces, 22 avec tel);Extraire contact page de detail
facebook_immo_miroir;Miroir Facebook Immo;facebook.com;reseau social;location,vente,colocation;Dakar;actif;actif;2026-09-22 23:45;15;15;1099;401;0;308;0;0 EUR (Playwright);base nopalou_audit_data (1099 annonces, 401 prix valide);Corriger regles AUD-188 (vendre/location)
facebook_classifiees;Groupes Facebook Annonces;facebook.com;reseau social;multicategories,ventes directes;Senegal;actif;fragile;2026-10-10 16:14;225;82;4590;3765;3318;915;189;0 EUR (Playwright local);logs/scraper-task.log (165 runs, 38.8 pour cent session ko);Fiabiliser session serveur, migrer photos
omnisource;Omnisource Collector;bing.com,overpass-api.de;moteur et OSM;leads marchands et agences immo;Dakar;actif;rendement nul;2026-10-10 22:48;49;1;2;2;0;0;48;0 EUR;logs/scraper-task.log (49 runs, 48 a zero);Revoir requetes dorking ou remplacer
artp_telecom;Catalogue ARTP Telecom;e-services.artp.sn;API publique;forfaits mobiles, box 4G, fibre, voix;Senegal;actif;gele;2026-06-09 10:00;1;1;144;144;0;0;0;0 EUR (API publique);base nopalou_audit_data (144 forfaits figes depuis juin);Automatiser cron hebdomadaire (AUD-192)
prospection_crm;Prospection CRM;multiples;sourcing direct;marchands WhatsApp, boutiques physiques;Dakar;manuel;actif;2026-09-22 12:14;10;10;1649;1649;0;0;0;0 EUR;base nopalou_audit_data (1649 prospects qualifies);Maintenir pour equipe commerciale
keur_immo_candidate;Keur-Immo;keur-immo.com;portail immobilier;ventes,locations,programmes neufs;Dakar et Petite Cote;candidate;a evaluer;Jamais;0;0;0;0;0;0;0;0 EUR (HTML/Sitemap);site actif, 2500 annonces immo qualifiees;Tester integration HTML + Sitemap
mamaison_candidate;MaMaison.sn;mamaison.sn;portail immobilier;location,achat immobilier;Dakar;candidate;a evaluer;Jamais;0;0;0;0;0;0;0;0 EUR (HTML);portail majeur agences immo Dakar;Tester connecteur agences
carrefour_sn_candidate;Carrefour Senegal;carrefour.sn;grande distribution;alimentation,frais,epicerie,hygiene;Dakar;candidate;a evaluer;Jamais;0;0;0;0;0;0;0;0 EUR (HTML);catalogue public supermarche Dakar;Tester collecte hebdomadaire
casamance_marche_candidate;Casamance & Regions;marches-regions.sn;terroir;produits locaux,agricole,artisanal;Regions SN;candidate;a explorer;Jamais;0;0;0;0;0;0;0;0 EUR;donnees ouvertes / cooperatrices;Evaluer partenariats coopératives
ansd_donnees_publiques;ANSD Donnees Publiques;ansd.sn;statistiques officielles;prix a la consommation, mercuriale;Senegal;candidate;a evaluer;Jamais;0;0;0;0;0;0;0;0 EUR (Open Data);indices mensuels des prix a la consommation;Integrer mercuriale de reference
