fichier_ou_module;changement_effectue;justification_technique;tests_associes;statut
backend/services/collecte/BaseCollector.js;Création classe abstraite modulaire BaseCollector;Standardiser cycle de vie, rate-limiting jitter, normalisation prix/titre, idempotence SQL et RunCollecte;test_direct_connect.js, pilote_scraping_v2.js;VALIDE
backend/services/collecte/JsonStoreCollector.js;Création adaptateur WooCommerce Store API avec pagination dynamique;Supprimer plafond rigide à 8 pages (levée à 8 185 produits Soumari), gestion X-WP-Total, streaming par lots;test_http_scrapers.js, pilote Soumari (300 items);VALIDE
backend/services/collecte/DecathlonCollector.js;Création adaptateur PrestaShop BEM dédié Decathlon Sénégal;Corriger WAF HTTP 403 (en-têtes Firefox conformes), sélecteurs BEM (.product-card, data-testid) et prix FCFA réels;test_decathlon_exact.js, pilote Decathlon multi-sports;VALIDE
backend/services/collecte/KeurImmoCollector.js;Création adaptateur portail immobilier Keur-Immo;Intégrer annonces certifiées agences, photos HD, détection quartiers/villes et contacts WhatsApp (+221);test_keurimmo_detail.js, pilote Keur-Immo Vente/Location;VALIDE
backend/services/collecte/SourcesRegistry.js;Création registre centralisé des sources de collecte;Point de vérité unique pour déclarer et paramétrer toute source marchande en moins de 10 lignes;Inspection registry, listerSourcesActives();VALIDE
scripts/pilote_scraping_v2.js;Création harnais de test et mesure scientifique du pilote V2;Mesurer les 16 indicateurs (URLs, items extraits, insérés, màj, complétude, durée, SQD) sur données réelles;node scripts/pilote_scraping_v2.js;VALIDE
audit/scraping/ARCHITECTURE_SCRAPING_CIBLE.md;Rédaction spécification formelle de l'architecture en cascade à 4 niveaux;Formaliser le choix d'architecture hybride, composants, dé-stockage conditionnel et rejet des alternatives;Revue documentaire;VALIDE
audit/scraping/MATRICE_METHODES_PAR_SOURCE.csv;Inventaire exhaustif des méthodes par source (28 sources);Cartographier chaque source avec méthode, fréquence, limites, statut et SQD observé;Revue tabulaire;VALIDE
audit/scraping/PLAN_MIGRATION_SCRAPING.md;Rédaction plan de déploiement en 3 vagues et gestion des risques;Sécuriser la transition sans rupture de service, avec plan de rollback et conditions de mise en prod;Revue opérationnelle;VALIDE
audit/scraping/RAPPORT_PILOTE_SCRAPING.md;Rédaction rapport de mesures réelles avant/après du pilote V2;Démontrer l'augmentation mesurée du volume, de la qualité, du débit et de la conformité sans simulation;Mesures de pilote_scraping_v2.js;VALIDE
audit/scraping/HANDOVER_AGENT_3.md;Rédaction dossier de passation pour l'Agent 3 (industrialisation et déploiement);Fournir l'état exact du projet, commandes exécutées, anomalies restantes et prochaines étapes;Revue de passation;VALIDE
