source_id;nom;domaine;categorie;methode_retenue;justification;frequence_envisagee;limites_connues;statut;qualite_observee;prochaine_action
soumari;Soumari;soumari.com;informatique,bureautique,electromenager;store_api_json;API WooCommerce native (/wp-json/wc/store/v1/products), débit 100/s, 0 sélecteur;0 6,18 * * * (2x/j);8 185 produits, pagination dynamique obligatoire;actif_valide;98.5 (Excellent);Poursuivre ingestion complète 82 pages
promosn;Promo.sn;promo.sn;electromenager,tv,cuisine,maison;store_api_json;API WooCommerce native ouverte (/wp-json/wc/store/v1/products);0 6,18 * * * (2x/j);4 610 produits, pagination jusqu'à 47 pages;actif_valide;97.8 (Excellent);Conserver cadence bi-quotidienne
universcosmetix;Univers Cosmetix;universcosmetix.com;beaute,cosmetiques,parfumerie;store_api_json;API WooCommerce native ouverte;0 8 * * * (1x/j);4 165 produits;actif_valide;98.1 (Excellent);Maintenir cadence quotidienne
masterofficedeco;Master Office Déco;masterofficedeco.sn;mobilier,bureau,decoration;store_api_json;API WooCommerce native ouverte;0 10 * * * (1x/j);3 176 produits;actif_valide;97.5 (Excellent);Étendre pagination à 35 pages
electroniccorp;Electronic Corp SN;electroniccorp.sn;tv,smartphones,climatisation;store_api_json;API WooCommerce native ouverte;0 12 * * * (1x/j);785 produits (couverture 98%);actif_valide;96.9 (Excellent);Maintenir cadence quotidienne
electroluxdakar;Electrolux Dakar;electroluxdakar.com;gros electromenager,cuisine;store_api_json;API WooCommerce native ouverte;0 14 * * * (1x/j);812 produits (couverture 95%);actif_valide;98.0 (Excellent);Maintenir cadence quotidienne
dakarmondialtel;Dakar Mondial Téléphone;dakarmondialtelephone.com;smartphones,accessoires;store_api_json;API WooCommerce native ouverte;0 16 * * * (1x/j);257 produits;actif_valide;97.2 (Excellent);Maintenir cadence quotidienne
decathlon_sn;Decathlon Sénégal;decathlon.sn;sport,fitness,running,football,outdoor;html_adaptatif_bem;Thème PrestaShop BEM (.product-card, data-testid, prix CFA réels entiers);0 4 * * * (1x/j);WAF sensible aux en-têtes (exige headers Desktop conformes);actif_valide;95.4 (Excellent);Déployer DecathlonCollector sur 11 sports
coinafrique_prod;CoinAfrique Produits;sn.coinafrique.com;telephones,electronique,ordinateurs,mode;html_adaptatif_stream;Extraction Cheerio optimisée, pagination dynamique, multi-vendeurs;0 0,12 * * * (2x/j);Délai courtoisie 3s nécessaire, 84 items/page;actif_valide;92.0 (Très bon);Supprimer anciens plafonds à 4 pages
expat_prod;Expat-Dakar Produits;expat-dakar.com;telephones,tv,ordinateurs,electromenager;json_ld_http;Extraction microdonnées JSON-LD W3C dans script head;0 1,13 * * * (2x/j);20 items/page, pagination jusqu'à dernière page;actif_valide;91.5 (Très bon);Surveiller codes HTTP pour éviter silences
kaynoo;Kaynoo;kaynoo.sn;high-tech,electromenager,beaute;html_adaptatif;HTML avec sélecteurs WooCommerce, suppression doublon config;0 8 * * * (1x/j);Catalogue restreint (700 items);actif_valide;90.2 (Très bon);Harmoniser sur BaseCollector
auchan_sn;Auchan Sénégal;auchan.sn;grande distribution,epicerie,entretien;html_adaptatif;Listing drive Auchan SN, extraction catégories PGC;0 5 * * * (1x/j);Pagination limitée à 4 pages historiquement (passer à 20);optimise;88.4 (Bon);Étendre pagination à 20 pages par rayon
jiji_sn;Jiji Sénégal;jiji.sn;marketplace,telephones,electromenager;html_adaptatif_stealth;Parsing SSR, rotation User-Agents, délais 4s;0 2 * * * (1x/j);Protection anti-scraping Cloudflare intermédiaire;veille_technique;74.0 (Acceptable);Piloter intégration proxy ou session
jumia_sn;Jumia Sénégal;jumia.sn;e-commerce,high-tech,mode,epicerie;playwright_ou_flux;Cloudflare HTTP 403 strict en centre de données;0 3 * * * (1x/j);Blocage HTTP direct (Cloudflare Bot Management);veille_technique;65.0 (Dégradé);Explorer API Affiliation ou worker Playwright
keur_immo;Keur-Immo;keur-immo.com;immobilier_ventes,immobilier_locations;portail_immo_pro;Extraction annonces vérifiées, photos HD, contact WhatsApp agence (+221);0 2 */2 * * (2j);Enrichissement page détail requis pour téléphone direct;candidat_pilote;96.0 (Excellent);Intégrer en production après pilote
coinafrique_immo;CoinAfrique Immobilier;sn.coinafrique.com;appartements,villas,terrains,meubles;html_adaptatif_immo;Extraction listings, statut a_completer sans rejet destructeur;0 2 */2 * * (2j);99.9% sans téléphone direct sur listing;optimise;78.0 (Acceptable);Conserver annonces avec statut d'attente
expat_immo;Expat-Dakar Immobilier;expat-dakar.com;appartements,villas,terrains;html_adaptatif_immo;Extraction fiches immo avec enrichissement téléphone;0 2 */2 * * (2j);Téléphone masqué sur listing, visible au clic;optimise;80.5 (Bon);Activer enrichissement asynchrone des contacts
facebook_classifiees;Groupes Facebook Vente;facebook.com;petites annonces multicategories;playwright_session;Réseau social dynamique, défilement infini, extraction leads;0 7,19 * * * (2x/j);Sessions Playwright expirantes (38.8% KO), photos fbcdn;a_migrer;72.0 (Acceptable);Pérenniser session serveur + Cloudinary
artp_telecom;Catalogue ARTP Télécom;e-services.artp.sn;forfaits mobiles, box 4G, fibre;api_publique;Catalogue officiel des offres opérateurs au Sénégal;0 5 * * 1 (hebdo);Données trimestrielles peu changeantes;actif_valide;99.0 (Excellent);Maintenir cron hebdomadaire (AUD-192)
mamaison_candidate;MaMaison.sn;mamaison.sn;portail immobilier agences Dakar;portail_immo_pro;HTML adaptatif, extraction mandats d'agences;0 3 */2 * * (2j);Volume modéré (1 200 à 1 800 annonces);candidat_pilote;85.0 (Bon);Préparer adaptateur Vague 2
carrefour_sn_candidate;Carrefour Sénégal;carrefour.sn;grande distribution,frais,epicerie;html_adaptatif;Catalogue supermarché Dakar, comparaison Auchan vs Carrefour;0 6 * * 1,4 (2x/sem);Catalogue en évolution;candidat_pilote;82.0 (Bon);Analyser catalogue web / API mobile
kanje;Kanje;kanje.sn;high-tech,gaming,informatique;html_adaptatif;Store API fermée (404), réécriture sélecteurs HTML;0 11 * * * (1x/j);Structure boutique modifiée en août 2026;a_migrer;55.0 (Dégradé);Adapter sélecteurs HTML pour réactiver
nova_sn;Nova Sénégal;nova.sn;electromenager,tv,high-tech;html_adaptatif;API fermée, analyse du gabarit Prestashop / Woo;0 15 * * * (1x/j);Site parfois lent;a_migrer;50.0 (Dégradé);Diagnostiquer et calibrer sélecteurs
electromenagerdakar;Electroménager Dakar;electromenager-dakar.com;electromenager,climatiseurs;html_adaptatif;Store API fermée (401), repli HTML adaptatif;0 17 * * * (1x/j);API fermée par mot de passe;a_migrer;58.0 (Dégradé);Activer repli HTML dans nouveau moteur
dakarmarket;Dakar Market;dakarmarket.sn;multispecialiste,mode;archive_temporaire;Domaine inaccessible à l'audit (connection refused);Veille;Domaine en panne ou fermé;veille_technique;0.0 (Inactif);Vérifier réouverture ou archiver
dakar_deal;Dakar-Deal;dakar-deal.com;marketplace;archive_temporaire;Aucun catalogue public fonctionnel;Veille;Plateforme inactive;veille_technique;0.0 (Inactif);Archiver en base
senmarket;SenMarket;senmarket.sn;marketplace;archive_temporaire;Aucun catalogue public fonctionnel;Veille;Plateforme inactive;veille_technique;0.0 (Inactif);Archiver en base
ansd_donnees_publiques;ANSD Mercuriale;ansd.sn;statistiques prix consommation;donnees_ouvertes;Indice harmonisé des prix à la consommation (IHPC);0 0 1 * * (mensuel);Publication mensuelle PDF / XLS;candidat_pilote;95.0 (Excellent);Intégrer mercuriale officielle comme benchmark
